name,email,age
Richard Singh,davidmullins@hotmail.com,50
Katie Higgins,zsmith@young.info,50
Linda Ryan,shannondavis@gmail.com,62
Kim Mcgee,dylanhunter@hotmail.com,23
John Melton,gloria78@yahoo.com,67
David Nichols,miranda67@gmail.com,45
Clarence Lewis,zdiaz@morris-coleman.com,46
Mark Casey,hsmith@guzman.com,68
Joshua Moore,kimberly66@yahoo.com,69
Samantha Griffin,mallory56@hotmail.com,25
Susan Rodriguez,osmith@yahoo.com,76
Elizabeth Jones,danielsbill@gmail.com,32
April Brown,bauermelissa@barker-taylor.com,30
Sylvia Crosby,wayne89@wilson.net,34
Jon Bonilla,audrey59@tyler.com,67
Michael Roy,maureen66@vasquez-gilbert.com,21
Michelle Mccoy,martin78@peterson-martin.com,76
Heidi Rose,ewebb@reid.com,78
Ashley Powers,xmoore@king-riggs.com,18
Rachel Jackson,shaun58@schmidt-frost.info,64
Tyler Bell,miguelyoung@howard-rogers.com,45
Chad Walker,tiffany22@gmail.com,60
Timothy Mills,jonathanmitchell@garcia.net,66
Cody Sanders,lsalas@howard.com,52
Bryce Owens,jrice@yahoo.com,54
Laura Moreno,barbarajordan@bates.org,35
Kenneth Clayton,adkinstravis@gmail.com,54
Anna Mullins,brownsusan@johnson.com,34
Angela Brooks,chayes@atkinson.com,48
Tiffany Thompson,eric70@gmail.com,37
Nancy Bryant,tfitzgerald@grant.com,75
Craig Dawson,rcarrillo@lopez.biz,31
Michael Miller,barry85@hotmail.com,46
Scott Williams,alicia73@gmail.com,78
Miranda Young,carolinelane@yahoo.com,25
Melissa Young,aaroncurtis@hotmail.com,42
Teresa Calderon,taylordebbie@yahoo.com,71
Samuel Kim,jason49@yahoo.com,62
Claudia Dunlap,amywilkerson@yahoo.com,75
Robert Massey,molinaaustin@yahoo.com,66
Monica Cobb,qfaulkner@gmail.com,40
Brian Jimenez,danamiller@harvey.org,55
Randy Adams,davisstephanie@yahoo.com,69
Sarah Fuller,adriennedixon@hotmail.com,80
Kyle Leon,justin22@davidson-williams.net,61
Brittney Cunningham,kkim@yahoo.com,63
Ricky Yang,melindafarrell@hotmail.com,45
Stephen Maynard,cmiller@santiago.com,63
David Smith,bethbarker@cole.com,33
Ricky Taylor,nvance@gmail.com,75
Bonnie Davila,brodriguez@luna.biz,68
Brian Lewis,thomascynthia@gmail.com,25
Stephanie Mullins,emily90@johnson.org,68
Aaron Phillips,dayjuan@oliver.net,34
William Clark,robert93@gmail.com,53
Miss Jennifer Miranda MD,cindy71@yahoo.com,57
Erica Hernandez,cgarcia@schultz-bates.com,79
Rebecca Smith,jessica69@howard-johnson.com,49
Cory Mendoza,jessica71@yahoo.com,72
Kerri Stanley,griffinapril@rivera-bates.info,43
Sherri Robinson,matthew76@white.com,49
Madison Baker,meghanbaldwin@yahoo.com,42
Patricia Herrera,adam68@morrison.com,68
Maxwell Chandler,alexandersteve@sherman.biz,57
David King,elizabeth14@lam.biz,18
Taylor Phillips,davidpruitt@velasquez.com,39
Nicole Barrera,icuevas@gmail.com,53
Michael Jones,kyleblevins@parsons.net,34
Victoria May,ellisonchristopher@malone-trevino.com,22
Cheyenne Hansen,ywilliams@mcpherson.com,63
Zachary Wood,hernandezchristina@hotmail.com,78
Rachel Williamson,smithamy@yahoo.com,66
Amanda Davis,robertsonnorman@castillo.info,31
David Sullivan,jorge75@hotmail.com,57
Amber Jordan,cookmisty@gmail.com,20
Ashley Webster,fjones@ballard.com,30
Laura Esparza,samanthasanders@davis.com,59
James Taylor,rogersmary@powell-miller.info,33
Nicole Mcbride,jessica19@mckenzie.biz,18
Kathryn Owen,whitney93@vance.com,38
Christopher Sampson,gsantana@jones.com,52
Charles Allison,mbaker@hotmail.com,44
Joseph Torres,hernandezjohn@hall.com,70
Linda Anderson,cmccoy@reed-bell.net,33
Rachel Mendoza,mscott@banks.biz,64
Mitchell Riley,kathy32@gmail.com,68
Teresa Moore,sanchezpaul@perez-ochoa.com,29
Robert Jones,lucasmcdonald@wiley.com,58
Lee Griffin,debraclark@gmail.com,23
Tiffany Garner,anthonycastaneda@yahoo.com,55
Jessica Todd,robertodonnell@davidson-vega.com,45
Nathaniel Anderson,tylerward@yahoo.com,60
Rebecca Kelly,justinrocha@walker.com,41
Rita Luna,laura03@roman.com,46
Jason Tapia,kjohnston@yahoo.com,45
David Powers,xrivers@gonzales.com,63
Eric Barrett,kmullins@yahoo.com,61
Emily Leonard,mnichols@yahoo.com,39
James Gonzalez,leahthomas@yahoo.com,61
Steven Brown,jamie06@garrett.com,55

